{
  "scaler": "identity",
  "kernel": "rbf",
  "C": 51.0,
  "epsilon": 0.17,
  "gamma": 0.11,
  "cv_r2": 0.5559212172779459,
  "cv_std": 0.06622513418583084,
  "train_r2": 0.8971442906592471,
  "train_mape": 9.830225701787247,
  "train_mae": 1.1158697695563902,
  "train_rmse": 2.201587082106504,
  "test_r2": 0.5735679180448485,
  "test_mape": 41.910046777467684,
  "test_mae": 3.033921620319013,
  "test_rmse": 4.4966853181075335,
  "n_train": 366,
  "n_test": 158,
  "n_features": 22
}