{
  "params": {
    "n_estimators": 2700,
    "num_leaves": 30,
    "max_depth": 5,
    "learning_rate": 0.05,
    "subsample": 0.6,
    "colsample_bytree": 0.8,
    "min_child_samples": 4,
    "reg_lambda": 1.0,
    "reg_alpha": 0.2,
    "random_state": 42,
    "n_jobs": -1,
    "objective": "regression",
    "boosting_type": "gbdt"
  },
  "cv_r2": 0.8605660911112404,
  "cv_std": 0.023744211189331316,
  "train_r2": 0.9900989553044487,
  "train_mape": 1.3612120422773364,
  "train_mae": 3.6932025585292125,
  "train_rmse": 12.805565139335007,
  "test_r2": 0.9235391178435043,
  "test_mape": 7.6906910287358246,
  "test_mae": 26.261856559779943,
  "test_rmse": 36.36965375065118,
  "n_train": 366,
  "n_test": 158,
  "n_features": 21,
  "n_estimators": 2700,
  "num_leaves": 30,
  "max_depth": 5,
  "learning_rate": 0.05,
  "subsample": 0.6,
  "colsample_bytree": 0.8,
  "min_child_samples": 4,
  "reg_lambda": 1.0,
  "reg_alpha": 0.2
}