{
  "model": "RandomForestRegressor",
  "params": {
    "n_estimators": 1500,
    "max_features": null,
    "max_depth": 15,
    "min_samples_leaf": 1,
    "min_samples_split": 20,
    "bootstrap": true,
    "oob_score": true,
    "random_state": 42,
    "n_jobs": -1
  },
  "n_train": 800,
  "n_test": 344,
  "n_features": 16,
  "ytrain_mean": 395.12725,
  "ytrain_std": 129.64938365621913,
  "ytrain_min": 75.0,
  "ytrain_max": 710.0,
  "forest_depth_min": 10,
  "forest_depth_mean": 14.178666666666667,
  "forest_depth_max": 15,
  "forest_leaves_mean": 58.61666666666667,
  "train_r2": 0.8183499408197753,
  "train_mape": 12.778066448238945,
  "train_mae": 39.245978551644875,
  "train_rmse": 55.25711778606409,
  "test_r2": 0.7432387342610594,
  "test_mape": 15.53314035357814,
  "test_mae": 47.47624807644026,
  "test_rmse": 66.24153720502045,
  "oob_r2": 0.7068613921922595
}