{
  "degree": 2,
  "cv_r2_mean": -0.4802010794271726,
  "cv_r2_std": 2.1588008851594798,
  "train_r2": 0.7833528007041376,
  "train_mape": 13.428245432023262,
  "test_r2": 0.6941467526374712,
  "test_mape": 16.187490678405233,
  "test_mae": 50.05483492160612,
  "test_rmse": 71.58982476792883
}