{
  "degree": 4,
  "cv_r2_mean": -711.4638217892823,
  "cv_r2_std": 1417.6785254549577,
  "train_r2": 0.846252017102632,
  "train_mape": 10.72017590084347,
  "test_r2": -4.738276673254485,
  "test_mape": 27.994968359534155,
  "test_mae": 99.8870290110726,
  "test_rmse": 310.0883809451516
}