{
  "degree": 3,
  "cv_r2_mean": -101.25018376170122,
  "cv_r2_std": 184.2626314913685,
  "train_r2": 0.8324726525892822,
  "train_mape": 11.53061971818145,
  "test_r2": 0.029399634471761638,
  "test_mape": 20.3835763999628,
  "test_mae": 68.0635391148817,
  "test_rmse": 127.53076848131802
}