y_test,y_pred,APE_percent
470.0,376.0,20.0
310.0,261.0,15.806451612903224
220.0,268.0,21.818181818181817
185.0,248.0,34.054054054054056
230.0,268.0,16.52173913043478
250.0,268.0,7.199999999999999
235.0,262.0,11.48936170212766
255.0,268.0,5.098039215686274
220.0,262.0,19.090909090909093
185.0,208.0,12.432432432432433
215.0,208.0,3.255813953488372
