{
  "params": {
    "n_estimators": 800,
    "max_features": 0.7,
    "max_depth": 30,
    "min_samples_leaf": 2,
    "min_samples_split": 2,
    "bootstrap": true,
    "oob_score": true,
    "random_state": 42,
    "n_jobs": -1
  },
  "cv_r2": 0.7759833140553645,
  "cv_std": 0.044379696341715444,
  "train_r2": 0.9299333205423185,
  "train_mape": 7.7504687094368485,
  "train_mae": 23.679538162307537,
  "train_rmse": 34.29298290810119,
  "test_r2": 0.7735122454894086,
  "test_mape": 13.221679624879215,
  "test_mae": 41.330472899409806,
  "test_rmse": 61.486280783625816,
  "oob_r2": 0.7867806870154699,
  "n_estimators": 800,
  "n_features": 20
}