y_test,y_pred,APE_percent
470,429.259971905551,8.668091083925313
310,276.9280361870758,10.668375423523935
220,258.6831503574806,17.583250162491183
185,275.9794843226648,49.17809963387287
230,345.9094649922101,50.395419561830465
250,258.6831503574806,3.4732601429922396
235,238.43547793910142,1.4619055060006032
255,345.9094649922101,35.65077058518042
220,242.912272745288,10.41466942967636
185,199.50929036115411,7.8428596546779
215,211.62317730622306,1.5706152064078809
