{
  "model": "Lasso",
  "cv_r2_mean": 0.16318288768895017,
  "cv_r2_std": 0.4163257792731787,
  "train_r2": 0.8695551263095778,
  "train_mape": 9.527636740132717,
  "test_r2": 0.4527582090955743,
  "test_mape": 17.90066512641629,
  "test_mae": 42.11005187897634,
  "test_rmse": 56.456569436701585
}