{
  "model": "LIN",
  "cv_r2_mean": -131948.58844503923,
  "cv_r2_std": 262220.5192906026,
  "train_r2": 0.8778101312085063,
  "train_mape": 8.854898594432884,
  "test_r2": 0.10096655375754693,
  "test_mape": 22.020760269523176,
  "test_mae": 51.6951547709308,
  "test_rmse": 72.36236986325275
}