y_test,y_pred,APE_percent
470,432.5,7.9787234042553195
310,268.9591848356784,13.23897263365213
220,261.2330751314443,18.74230687792923
185,290.5707390920659,57.065264374089665
230,384.942388935106,67.36625605874174
250,261.2330751314443,4.493230052577724
235,227.40741702296503,3.230886373206368
255,384.942388935106,50.957799582394514
220,239.21177999019258,8.732627268269354
185,197.50649337465302,6.760266689001631
215,207.12663625112987,3.662029650637271
