{
  "model": "Ridge",
  "cv_r2_mean": 0.36494341419058174,
  "cv_r2_std": 0.36469387536211545,
  "train_r2": 0.8692643954719956,
  "train_mape": 9.385449313151254,
  "test_r2": 0.5158218128459886,
  "test_mape": 16.597261805657816,
  "test_mae": 38.799630948707026,
  "test_rmse": 53.10402837568478
}