y_test,y_pred,APE_percent
470,430.47331079943336,8.409933872460988
310,282.4436315693869,8.88915110664938
220,258.3248507021914,17.420386682814264
185,279.7216228789122,51.200877231844444
230,335.78305882899565,45.99263427347637
250,258.3248507021914,3.3299402808765532
235,234.86147874087226,0.05894521665010309
255,335.78305882899565,31.679630913331625
220,236.6626789140308,7.573944960923094
185,198.9169040709386,7.5226508491560065
215,213.94266338078577,0.4917844740531283
