y_test,y_pred,APE_percent
470,432.46931733545927,7.985251630753348
310,282.9638583385943,8.721336019808284
220,289.8734228639862,31.760646756357367
185,284.9475711181891,54.02571411794006
230,246.8523834301295,7.327123230491084
250,289.8734228639862,15.949369145594483
235,220.30625515128338,6.252657382432604
255,246.8523834301295,3.1951437528903948
220,220.0437410474056,0.019882294275274406
185,197.52673558282564,6.771208423148993
215,227.16129630619653,5.656416886603038
