{
  "degree": 2,
  "cv_r2_mean": -3.4834962662724216,
  "cv_r2_std": 7.923584621273286,
  "train_r2": 0.9149910455839565,
  "train_mape": 6.902899962968856,
  "test_r2": 0.6982330938919539,
  "test_mape": 13.735630200903179,
  "test_mae": 31.773680863516827,
  "test_rmse": 41.92380209948055
}