{
  "degree": 4,
  "cv_r2_mean": -5.012109848572996,
  "cv_r2_std": 10.155913453558176,
  "train_r2": 0.9170875326157271,
  "train_mape": 6.346756531853659,
  "test_r2": 0.6960688229811061,
  "test_mape": 13.424068149117721,
  "test_mae": 30.78970535975021,
  "test_rmse": 42.073872166011334
}