{
  "degree": 3,
  "cv_r2_mean": -0.6029600181978282,
  "cv_r2_std": 2.058206972719851,
  "train_r2": 0.9169902172540496,
  "train_mape": 6.428056570173384,
  "test_r2": 0.6891505802029361,
  "test_mape": 13.62494187004164,
  "test_mae": 31.43313423829642,
  "test_rmse": 42.5500316692913
}