y_test,y_pred,APE_percent
470,432.38344943829975,8.003521396106436
310,286.46960281786994,7.590450703912922
220,289.423057518939,31.555935235881368
185,284.84846274220894,53.97214202281564
230,221.48014718541413,3.7042838324286413
250,289.423057518939,15.7692230075756
235,220.61403325039606,6.121687978554867
255,221.48014718541413,13.145040319445442
220,220.4411520495421,0.2005236588827715
185,197.57205130795276,6.7957034097041955
215,221.48407536107288,3.015849005150178
