y_test,y_pred,APE_percent
470,432.0014170954177,8.084804873315381
310,280.5475381796397,9.500794135600106
220,285.433111748853,29.7423235222059
185,284.50946062535667,53.78889763532793
230,223.05842919473764,3.0180742631575472
250,285.433111748853,14.173244699541193
235,220.69145419161327,6.088742897185841
255,223.05842919473764,12.5261061981421
220,224.44693299394697,2.021333179066806
185,197.7787084748508,6.907409986405831
215,203.73356823702937,5.240200819986337
