{
  "degree": 4,
  "cv_r2_mean": -311243391039.37854,
  "cv_r2_std": 622485959082.1487,
  "train_r2": 0.9480267455035083,
  "train_mape": 5.973052920306179,
  "test_r2": -426.2524081726577,
  "test_mape": 92.5557319522778,
  "test_mae": 234.49223293945306,
  "test_rmse": 2670.534055550104
}