{
  "degree": 3,
  "cv_r2_mean": -4152616.9594687396,
  "cv_r2_std": 8305214.361464319,
  "train_r2": 0.9219544439439247,
  "train_mape": 7.905411002151376,
  "test_r2": -7.067343267592934,
  "test_mape": 28.935225019703193,
  "test_mae": 84.47559658629739,
  "test_rmse": 366.96202975585504
}