{
  "degree": 2,
  "cv_r2_mean": -216.21211089192047,
  "cv_r2_std": 364.98878034361803,
  "train_r2": 0.8474856200311214,
  "train_mape": 11.502690025042545,
  "test_r2": 0.712515370871879,
  "test_mape": 14.675581083932043,
  "test_mae": 47.66315370629713,
  "test_rmse": 69.27286914740294
}