{
  "scaler": "identity",
  "kernel": "rbf",
  "C": 1720.0,
  "epsilon": 2.0,
  "gamma": 0.03,
  "cv_r2": 0.7136222738100069,
  "cv_std": 0.05345353672126325,
  "train_r2": 0.7668984960636606,
  "train_mape": 12.497655936373095,
  "train_mae": 36.26414149739734,
  "train_rmse": 62.125060631758785,
  "test_r2": 0.717754548474485,
  "test_mape": 15.484433510789005,
  "test_mae": 45.23686996328879,
  "test_rmse": 68.7714573006999,
  "n_train": 777,
  "n_test": 333,
  "n_features": 19
}