{
  "degree": 4,
  "cv_r2_mean": -4664906684311.293,
  "cv_r2_std": 9329813368590.137,
  "train_r2": 0.9781887863984372,
  "train_mape": 4.407869464630957,
  "test_r2": -0.6592234679086186,
  "test_mape": 88.49576904640767,
  "test_mae": 4.639025235879833,
  "test_rmse": 8.86992610644454
}