{
  "degree": 3,
  "cv_r2_mean": -248311142.93751186,
  "cv_r2_std": 496622284.8163692,
  "train_r2": 0.9657023568311602,
  "train_mape": 6.584172830191423,
  "test_r2": -1.122884593137035,
  "test_mape": 68.8709888680371,
  "test_mae": 4.485007567206903,
  "test_rmse": 10.03299864402066
}