{
  "degree": 5,
  "cv_r2_mean": -1.1462399077954411e+17,
  "cv_r2_std": 2.292479815590881e+17,
  "train_r2": 0.9839037726283574,
  "train_mape": 3.5067438920572602,
  "test_r2": -2.7254769194694557,
  "test_mape": 132.27224241704127,
  "test_mae": 5.88898800940296,
  "test_rmse": 13.291025754289246
}