{
  "degree": 6,
  "cv_r2_mean": -2.5332456492003146e+21,
  "cv_r2_std": 5.066491298400629e+21,
  "train_r2": 0.9869599829997555,
  "train_mape": 2.805749869113167,
  "test_r2": -10.70900638512105,
  "test_mape": 173.57684898414965,
  "test_mae": 8.397547351224857,
  "test_rmse": 23.562837186281715
}