{
  "degree": 2,
  "cv_r2_mean": -53629.462504979434,
  "cv_r2_std": 107255.83794034345,
  "train_r2": 0.821632451315489,
  "train_mape": 20.91597288175789,
  "test_r2": -1.5330270679215032,
  "test_mape": 70.20480892817552,
  "test_mae": 5.31415712858356,
  "test_rmse": 10.959417615588823
}