{
  "params": {
    "n_estimators": 1799,
    "max_depth": 4,
    "learning_rate": 0.03,
    "subsample": 0.7,
    "colsample_bytree": 0.9,
    "min_child_weight": 4.0,
    "gamma": 0.03,
    "reg_lambda": 2.1,
    "reg_alpha": 0.2,
    "random_state": 42,
    "n_jobs": -1,
    "objective": "reg:squarederror",
    "tree_method": "hist"
  },
  "cv_r2": 0.881484306404961,
  "cv_std": 0.021979928893668975,
  "train_r2": 0.9979084807095716,
  "train_mape": 1.0822187686559932,
  "train_mae": 3.9655471301469656,
  "train_rmse": 5.885578768784701,
  "test_r2": 0.9232905231799318,
  "test_mape": 7.795434089351405,
  "test_mae": 26.975044520897203,
  "test_rmse": 36.4287294805329,
  "n_train": 366,
  "n_test": 158,
  "n_features": 22,
  "n_estimators": 1799,
  "max_depth": 4,
  "learning_rate": 0.03,
  "subsample": 0.7,
  "colsample_bytree": 0.9,
  "min_child_weight": 4.0,
  "gamma": 0.03,
  "reg_lambda": 2.1,
  "reg_alpha": 0.2
}