{
  "params": {
    "n_estimators": 610,
    "max_features": 0.1,
    "max_depth": 20,
    "min_samples_leaf": 1,
    "min_samples_split": 2,
    "bootstrap": true,
    "oob_score": true,
    "random_state": 42,
    "n_jobs": -1
  },
  "cv_r2": 0.5879610585538371,
  "cv_std": 0.07402011188981747,
  "train_r2": 0.9337565374252784,
  "train_mape": 14.127901738186319,
  "train_mae": 1.2044430356366775,
  "train_rmse": 1.8085182832978133,
  "test_r2": 0.6904830274799281,
  "test_mape": 37.3918154012565,
  "test_mae": 2.5329423624908447,
  "test_rmse": 3.664465988307703,
  "oob_r2": 0.6574096675147346,
  "n_estimators": 610,
  "n_features": 21
}