{
  "model": "DecisionTreeRegressor",
  "best_params": {
    "max_depth": 10,
    "max_features": null,
    "min_samples_leaf": 4,
    "min_samples_split": 2
  },
  "cv_best_r2": 0.296177965986187,
  "train_r2": 0.700578955222408,
  "train_mape": 29.597557533116593,
  "train_mae": 2.726232508179424,
  "train_rmse": 3.8449664247831254,
  "test_r2": 0.45801174057579486,
  "test_mape": 42.51930449121978,
  "test_mae": 3.4782784208022828,
  "test_rmse": 4.849125232193953,
  "n_train": 369,
  "n_test": 159,
  "random_state": 42
}