{
  "params": {
    "n_estimators": 1090,
    "max_depth": 2,
    "learning_rate": 0.02,
    "subsample": 1.0,
    "colsample_bytree": 0.8,
    "min_child_weight": 3.0,
    "gamma": 0.03,
    "reg_lambda": 2.0,
    "reg_alpha": 0.4,
    "random_state": 42,
    "n_jobs": -1,
    "objective": "reg:squarederror",
    "tree_method": "hist"
  },
  "cv_r2": 0.6903921128234101,
  "cv_std": 0.048466692068217666,
  "train_r2": 0.7929656422493907,
  "train_mape": 13.75742667293943,
  "train_mae": 42.176082881927485,
  "train_rmse": 58.9918027645571,
  "test_r2": 0.7354842262590018,
  "test_mape": 15.766387232445576,
  "test_mae": 48.438204228600796,
  "test_rmse": 67.23438486178611,
  "n_train": 800,
  "n_test": 344,
  "n_features": 19,
  "n_estimators": 1090,
  "max_depth": 2,
  "learning_rate": 0.02,
  "subsample": 1.0,
  "colsample_bytree": 0.8,
  "min_child_weight": 3.0,
  "gamma": 0.03,
  "reg_lambda": 2.0,
  "reg_alpha": 0.4
}