{
  "params": {
    "n_estimators": 372,
    "max_depth": 6,
    "learning_rate": 0.02,
    "subsample": 1.0,
    "colsample_bytree": 0.5,
    "min_child_weight": 4,
    "gamma": 0.04,
    "reg_lambda": 2.0,
    "reg_alpha": 0.0,
    "random_state": 42,
    "n_jobs": -1,
    "objective": "reg:squarederror",
    "tree_method": "hist"
  },
  "cv_r2": 0.41993286663122653,
  "cv_std": 0.045405808430031634,
  "train_r2": 0.7151517668467819,
  "train_mape": 22.888738941506166,
  "train_mae": 2.329230195445399,
  "train_rmse": 3.1664147453964113,
  "test_r2": 0.4646956302583676,
  "test_mape": 30.549226750319942,
  "test_mae": 2.9199899357861585,
  "test_rmse": 4.069039834162301,
  "n_train": 775,
  "n_test": 333,
  "n_features": 19,
  "n_estimators": 372,
  "max_depth": 6,
  "learning_rate": 0.02,
  "subsample": 1.0,
  "colsample_bytree": 0.5,
  "min_child_weight": 4,
  "gamma": 0.04,
  "reg_lambda": 2.0,
  "reg_alpha": 0.0
}