{
  "params": {
    "n_estimators": 609,
    "max_depth": 15,
    "learning_rate": 0.03,
    "subsample": 0.6,
    "colsample_bytree": 0.8,
    "min_child_weight": 2,
    "gamma": 0.09,
    "reg_lambda": 2.0,
    "reg_alpha": 0.2,
    "random_state": 42,
    "n_jobs": -1,
    "objective": "reg:squarederror",
    "tree_method": "hist"
  },
  "cv_r2": 0.6492356082067821,
  "cv_std": 0.08208788590104776,
  "train_r2": 0.9964052808746438,
  "train_mape": 2.54682985490345,
  "train_mae": 0.2436725460212739,
  "train_rmse": 0.41157989084706453,
  "test_r2": 0.7425058092372349,
  "test_mape": 29.010153922091735,
  "test_mae": 2.4197405883330334,
  "test_rmse": 3.4942283157492655,
  "n_train": 366,
  "n_test": 158,
  "n_features": 22,
  "n_estimators": 609,
  "max_depth": 15,
  "learning_rate": 0.03,
  "subsample": 0.6,
  "colsample_bytree": 0.8,
  "min_child_weight": 2,
  "gamma": 0.09,
  "reg_lambda": 2.0,
  "reg_alpha": 0.2
}