{
  "params": {
    "n_estimators": 840,
    "max_features": 0.1,
    "max_depth": 30,
    "min_samples_leaf": 1,
    "min_samples_split": 2,
    "bootstrap": true,
    "oob_score": true,
    "random_state": 42,
    "n_jobs": -1
  },
  "cv_r2": 0.6271940626337369,
  "cv_std": 0.08428880530135029,
  "train_r2": 0.9516935950934422,
  "train_mape": 12.862516486779155,
  "train_mae": 1.0059087138954017,
  "train_rmse": 1.508773422281167,
  "test_r2": 0.6747894457541704,
  "test_mape": 34.45884116410059,
  "test_mae": 2.6898404123252666,
  "test_rmse": 3.9269003147977526,
  "oob_r2": 0.6473842274751338,
  "n_estimators": 840,
  "n_features": 22
}