{
  "degree": 3,
  "cv_r2_mean": -97348752.11462885,
  "cv_r2_std": 194697114.59014416,
  "train_r2": 0.6894841004527095,
  "train_mape": 20.514063174175682,
  "test_r2": -9.477329124576652,
  "test_mape": 56.17109958206653,
  "test_mae": 5.070862853441509,
  "test_rmse": 18.00183764024519
}