{
  "degree": 4,
  "cv_r2_mean": -5172762317423.768,
  "cv_r2_std": 10345524634720.957,
  "train_r2": 0.7425946720026542,
  "train_mape": 18.344395043678762,
  "test_r2": -752.8723099818128,
  "test_mape": 179.76361823265995,
  "test_mae": 12.742879867222108,
  "test_rmse": 152.7004943513031
}