{
  "degree": 2,
  "cv_r2_mean": -4.6284387223250985,
  "cv_r2_std": 6.548180902502683,
  "train_r2": 0.4396942687615961,
  "train_mape": 31.70175134033919,
  "test_r2": -0.5086658899507956,
  "test_mape": 45.88769401339895,
  "test_mae": 4.06436677363448,
  "test_rmse": 6.831059730322868
}