{
  "scaler": "identity",
  "kernel": "rbf",
  "C": 5742.0,
  "epsilon": 1.1,
  "gamma": 0.03,
  "cv_r2": 0.8420216927220061,
  "cv_std": 0.02872765419738469,
  "train_r2": 0.9505993651049836,
  "train_mape": 4.462975997060398,
  "train_mae": 15.324512528406812,
  "train_rmse": 28.789678242859775,
  "test_r2": 0.8246639280643077,
  "test_mape": 9.987354491449146,
  "test_mae": 36.458232993124945,
  "test_rmse": 53.856865936526866,
  "n_train": 384,
  "n_test": 165,
  "n_features": 21
}