{
  "params": {
    "n_estimators": 811,
    "num_leaves": 10,
    "max_depth": 10,
    "learning_rate": 0.08,
    "subsample": 0.6,
    "colsample_bytree": 0.9,
    "min_child_samples": 30,
    "reg_lambda": 5.0,
    "reg_alpha": 0.4,
    "random_state": 42,
    "n_jobs": -1,
    "objective": "regression",
    "boosting_type": "gbdt"
  },
  "cv_r2": 0.6075819806313447,
  "cv_std": 0.04683457472552134,
  "train_r2": 0.966336819052947,
  "train_mape": 7.299960727729066,
  "train_mae": 0.7770341134584239,
  "train_rmse": 1.2595031043862306,
  "test_r2": 0.7317916249713451,
  "test_mape": 28.824888118230113,
  "test_mae": 2.5369085123194686,
  "test_rmse": 3.5661838461486406,
  "n_train": 366,
  "n_test": 158,
  "n_features": 22,
  "n_estimators": 811,
  "num_leaves": 10,
  "max_depth": 10,
  "learning_rate": 0.08,
  "subsample": 0.6,
  "colsample_bytree": 0.9,
  "min_child_samples": 30,
  "reg_lambda": 5.0,
  "reg_alpha": 0.4
}