{
  "params": {
    "n_estimators": 1599,
    "max_depth": 9,
    "learning_rate": 0.03,
    "subsample": 0.6,
    "colsample_bytree": 1.0,
    "min_child_weight": 4,
    "gamma": 0.0,
    "reg_lambda": 2.1,
    "reg_alpha": 0.2,
    "random_state": 42,
    "n_jobs": -1,
    "objective": "reg:squarederror",
    "tree_method": "hist"
  },
  "cv_r2": 0.862739361550315,
  "cv_std": 0.024968729355399424,
  "train_r2": 0.9897582511721726,
  "train_mape": 1.6293166959878327,
  "train_mae": 4.737371513491771,
  "train_rmse": 13.024027350406723,
  "test_r2": 0.9307316464101899,
  "test_mape": 7.205493748957563,
  "test_mae": 23.73427214803575,
  "test_rmse": 34.616802230389716,
  "n_train": 366,
  "n_test": 158,
  "n_features": 21,
  "n_estimators": 1599,
  "max_depth": 9,
  "learning_rate": 0.03,
  "subsample": 0.6,
  "colsample_bytree": 1.0,
  "min_child_weight": 4,
  "gamma": 0.0,
  "reg_lambda": 2.1,
  "reg_alpha": 0.2
}