{
  "degree": 3,
  "cv_r2_mean": -23800035.209416706,
  "cv_r2_std": 47600055.470519535,
  "train_r2": 0.9746746964418893,
  "train_mape": 3.550400035977994,
  "test_r2": -1.0748024912439975,
  "test_mape": 22.456994933092496,
  "test_mae": 77.475013399432,
  "test_rmse": 185.26518785488187
}