{
  "degree": 2,
  "cv_r2_mean": -1690.9267591677878,
  "cv_r2_std": 3380.351907696787,
  "train_r2": 0.9359387551737035,
  "train_mape": 6.790142840262934,
  "test_r2": 0.6916524475126615,
  "test_mape": 12.959266988316065,
  "test_mae": 46.981414936170275,
  "test_rmse": 71.42096165911893
}