{
  "degree": 4,
  "cv_r2_mean": -3988617051.198474,
  "cv_r2_std": 7977233661.394175,
  "train_r2": 0.9790984323512032,
  "train_mape": 2.840857968362893,
  "test_r2": -0.9368098128276321,
  "test_mape": 21.75654631146846,
  "test_mae": 77.07843277958865,
  "test_rmse": 178.998309382274
}