{
  "scaler": "identity",
  "kernel": "rbf",
  "C": 22.0,
  "epsilon": 0.8,
  "gamma": 0.13,
  "cv_r2": 0.337867826918711,
  "cv_std": 0.04590352561481593,
  "train_r2": 0.556297516006973,
  "train_mape": 22.540055972563692,
  "train_mae": 2.539842069924503,
  "train_rmse": 3.951909261454412,
  "test_r2": 0.3181595279877206,
  "test_mape": 29.19107584733174,
  "test_mae": 3.139683595019395,
  "test_rmse": 4.592328379215339,
  "n_train": 775,
  "n_test": 333,
  "n_features": 19
}