{
  "model": "Lasso",
  "cv_r2_mean": 0.6093952365165439,
  "cv_r2_std": 0.02536118301496851,
  "train_r2": 0.6417222043543527,
  "train_mape": 18.51196623865003,
  "test_r2": 0.6435369886307696,
  "test_mape": 18.85295844121969,
  "test_mae": 57.93670661872568,
  "test_rmse": 78.0499957987569
}