{
  "model": "LIN",
  "cv_r2_mean": 0.6071356640339559,
  "cv_r2_std": 0.02318022384446112,
  "train_r2": 0.6426929644186354,
  "train_mape": 18.37980926276731,
  "test_r2": 0.6473249492781014,
  "test_mape": 18.647875698818815,
  "test_mae": 57.35368987093062,
  "test_rmse": 77.63418835500923
}