{
  "model": "Ridge",
  "cv_r2_mean": 0.6078251183837524,
  "cv_r2_std": 0.023138611977282873,
  "train_r2": 0.642382989499773,
  "train_mape": 18.376035931922285,
  "test_r2": 0.6463732928539883,
  "test_mape": 18.6830453434734,
  "test_mae": 57.456057009825706,
  "test_rmse": 77.73886162433642
}