{
  "params": {
    "n_estimators": 1211,
    "num_leaves": 17,
    "max_depth": 13,
    "learning_rate": 0.05,
    "subsample": 0.2,
    "colsample_bytree": 0.8,
    "min_child_samples": 11,
    "reg_lambda": 1.0,
    "reg_alpha": 0.5,
    "random_state": 42,
    "n_jobs": -1,
    "objective": "regression",
    "boosting_type": "gbdt"
  },
  "cv_r2": 0.8764538508503898,
  "cv_std": 0.02734597896523922,
  "train_r2": 0.99917901484696,
  "train_mape": 0.5736204660644161,
  "train_mae": 1.920141871764379,
  "train_rmse": 3.687447882164819,
  "test_r2": 0.9148013474490995,
  "test_mape": 7.9240832934244985,
  "test_mae": 27.842979090749942,
  "test_rmse": 38.39157042090203,
  "n_train": 366,
  "n_test": 158,
  "n_features": 22,
  "n_estimators": 1211,
  "num_leaves": 17,
  "max_depth": 13,
  "learning_rate": 0.05,
  "subsample": 0.2,
  "colsample_bytree": 0.8,
  "min_child_samples": 11,
  "reg_lambda": 1.0,
  "reg_alpha": 0.5
}