{
  "degree": 6,
  "cv_r2_mean": -2.1217305469252613e+21,
  "cv_r2_std": 4.242542822825451e+21,
  "train_r2": 0.9408014478477632,
  "train_mape": 6.927603496796218,
  "test_r2": -8.454711152421694,
  "test_mape": 141.47867666940726,
  "test_mae": 8.031449662540524,
  "test_rmse": 20.25315066463297
}