{
  "degree": 2,
  "cv_r2_mean": -3854.467847982092,
  "cv_r2_std": 7688.263699690211,
  "train_r2": 0.7654819827399262,
  "train_mape": 23.668866346551145,
  "test_r2": -0.4176665220108282,
  "test_mape": 47.56458655234474,
  "test_mae": 4.447528781126314,
  "test_rmse": 7.842517610853136
}