{
  "degree": 5,
  "cv_r2_mean": -7.332590522044238e+16,
  "cv_r2_std": 1.4655870322228048e+17,
  "train_r2": 0.935246636592348,
  "train_mape": 7.636024456414797,
  "test_r2": -2.15131157641343,
  "test_mape": 77.7644552619685,
  "test_mae": 5.6700150999995556,
  "test_rmse": 11.692681855652069
}