{
  "degree": 3,
  "cv_r2_mean": -70967002.0623886,
  "cv_r2_std": 141542794.04041612,
  "train_r2": 0.9141138036996445,
  "train_mape": 10.75382304172165,
  "test_r2": -1.3902381531720907,
  "test_mape": 70.32297831668083,
  "test_mae": 5.045434911750449,
  "test_rmse": 10.18331195083149
}