{
  "degree": 4,
  "cv_r2_mean": -1928332771237.9792,
  "cv_r2_std": 3855210637348.11,
  "train_r2": 0.928625784730661,
  "train_mape": 8.531480902188505,
  "test_r2": -0.5933653511273871,
  "test_mape": 73.64859728992282,
  "test_mae": 4.806959201709127,
  "test_rmse": 8.314308698521895
}