{
  "degree": 7,
  "cv_r2_mean": -5.375661160092547e+25,
  "cv_r2_std": 1.0750544114521595e+26,
  "train_r2": 0.9447322966295827,
  "train_mape": 6.516473067077895,
  "test_r2": -43.91624881023047,
  "test_mape": 202.30867346767104,
  "test_mae": 11.912816700624191,
  "test_rmse": 44.143849269003105
}