{
  "params": {
    "n_estimators": 594,
    "max_depth": 6,
    "learning_rate": 0.02,
    "subsample": 1.0,
    "colsample_bytree": 0.5,
    "min_child_weight": 6,
    "gamma": 0.09,
    "reg_lambda": 2.0,
    "reg_alpha": 0.0,
    "random_state": 42,
    "n_jobs": -1,
    "objective": "reg:squarederror",
    "tree_method": "hist"
  },
  "cv_r2": 0.5711205426157206,
  "cv_std": 0.05446230525625778,
  "train_r2": 0.9486211220811278,
  "train_mape": 12.083252749377374,
  "train_mae": 1.1038995129693814,
  "train_rmse": 1.5927356419632865,
  "test_r2": 0.7156768305492685,
  "test_mape": 35.05586948701912,
  "test_mae": 2.5275376724746987,
  "test_rmse": 3.512162379354576,
  "n_train": 369,
  "n_test": 159,
  "n_features": 21,
  "n_estimators": 594,
  "max_depth": 6,
  "learning_rate": 0.02,
  "subsample": 1.0,
  "colsample_bytree": 0.5,
  "min_child_weight": 6,
  "gamma": 0.09,
  "reg_lambda": 2.0,
  "reg_alpha": 0.0
}