{
  "params": {
    "n_estimators": 782,
    "num_leaves": 10,
    "max_depth": 10,
    "learning_rate": 0.05,
    "subsample": 0.6,
    "colsample_bytree": 0.7,
    "min_child_samples": 31,
    "reg_lambda": 2.1,
    "reg_alpha": 0.5,
    "random_state": 42,
    "n_jobs": -1,
    "objective": "regression",
    "boosting_type": "gbdt"
  },
  "cv_r2": 0.613641924176663,
  "cv_std": 0.05233567047021583,
  "train_r2": 0.9257399442246879,
  "train_mape": 13.58684459973466,
  "train_mae": 1.3059580935995732,
  "train_rmse": 1.9148247249102455,
  "test_r2": 0.7394353762710275,
  "test_mape": 32.813027598713454,
  "test_mae": 2.4654887116888378,
  "test_rmse": 3.3622204618640357,
  "n_train": 369,
  "n_test": 159,
  "n_features": 21,
  "n_estimators": 782,
  "num_leaves": 10,
  "max_depth": 10,
  "learning_rate": 0.05,
  "subsample": 0.6,
  "colsample_bytree": 0.7,
  "min_child_samples": 31,
  "reg_lambda": 2.1,
  "reg_alpha": 0.5
}