{
  "scaler": "identity",
  "kernel": "rbf",
  "C": 5191.0,
  "epsilon": 13.7,
  "gamma": 0.05,
  "cv_r2": 0.7290044713442072,
  "cv_std": 0.08693989933933502,
  "train_r2": 0.8876469917923603,
  "train_mape": 9.105195112714458,
  "train_mae": 27.467915277677413,
  "train_rmse": 43.425202005328735,
  "test_r2": 0.8024749939173521,
  "test_mape": 12.167218313776228,
  "test_mae": 38.86451971779725,
  "test_rmse": 57.42049114415404,
  "n_train": 772,
  "n_test": 332,
  "n_features": 20
}