{
  "params": {
    "n_estimators": 1440,
    "max_depth": 3,
    "learning_rate": 0.08,
    "subsample": 0.8,
    "colsample_bytree": 0.9,
    "min_child_weight": 1,
    "gamma": 0.1,
    "reg_lambda": 2.1,
    "reg_alpha": 0.4,
    "random_state": 42,
    "n_jobs": -1,
    "objective": "reg:squarederror",
    "tree_method": "hist"
  },
  "cv_r2": 0.8845890633049109,
  "cv_std": 0.04115945946370616,
  "train_r2": 0.998023806239505,
  "train_mape": 0.628195046762345,
  "train_mae": 2.7574525672578645,
  "train_rmse": 4.808083893376418,
  "test_r2": 0.9015072867828796,
  "test_mape": 5.713218334413735,
  "test_mae": 24.023637723922732,
  "test_rmse": 33.74025128111532,
  "n_train": 297,
  "n_test": 128,
  "n_features": 21,
  "n_estimators": 1440,
  "max_depth": 3,
  "learning_rate": 0.08,
  "subsample": 0.8,
  "colsample_bytree": 0.9,
  "min_child_weight": 1,
  "gamma": 0.1,
  "reg_lambda": 2.1,
  "reg_alpha": 0.4
}