{
  "scaler": "standard",
  "kernel": "rbf",
  "C": 75.0,
  "epsilon": 7.5,
  "gamma": 0.03,
  "cv_r2": 0.1903684853711944,
  "cv_std": 0.24568969641209915,
  "train_r2": 0.7899499084521052,
  "train_mape": 11.808275787078168,
  "train_mae": 27.681137615589886,
  "train_rmse": 35.98754986082324,
  "test_r2": 0.6883240584132901,
  "test_mape": 13.766770097214346,
  "test_mae": 33.205074903336595,
  "test_rmse": 42.60656254822121,
  "n_train": 23,
  "n_test": 11,
  "n_features": 10
}