{
  "scaler": "identity",
  "kernel": "rbf",
  "C": 979.0,
  "epsilon": 0.01,
  "gamma": 0.12,
  "cv_r2": 0.8435379147990212,
  "cv_std": 0.029727376600264085,
  "train_r2": 0.9808429448191932,
  "train_mape": 1.9955346657628765,
  "train_mae": 7.528218434399354,
  "train_rmse": 17.812407179237404,
  "test_r2": 0.8823878790397361,
  "test_mape": 8.877625258601986,
  "test_mae": 30.585270291508884,
  "test_rmse": 45.10716737346498,
  "n_train": 366,
  "n_test": 158,
  "n_features": 22
}