{
  "params": {
    "n_estimators": 710,
    "num_leaves": 11,
    "max_depth": 10,
    "learning_rate": 0.05,
    "subsample": 0.6,
    "colsample_bytree": 0.7,
    "min_child_samples": 40,
    "reg_lambda": 0.9,
    "reg_alpha": 0.5,
    "random_state": 42,
    "n_jobs": -1,
    "objective": "regression",
    "boosting_type": "gbdt"
  },
  "cv_r2": 0.38936290370312177,
  "cv_std": 0.046154834241406144,
  "train_r2": 0.7326386937646745,
  "train_mape": 22.122453318871987,
  "train_mae": 2.2542916672759348,
  "train_rmse": 3.0676818122872174,
  "test_r2": 0.44838908307453507,
  "test_mape": 28.709772596105143,
  "test_mae": 2.9411448684649977,
  "test_rmse": 4.130550854644622,
  "n_train": 775,
  "n_test": 333,
  "n_features": 19,
  "n_estimators": 710,
  "num_leaves": 11,
  "max_depth": 10,
  "learning_rate": 0.05,
  "subsample": 0.6,
  "colsample_bytree": 0.7,
  "min_child_samples": 40,
  "reg_lambda": 0.9,
  "reg_alpha": 0.5
}