{
  "degree": 3,
  "cv_r2_mean": -52.61572555962253,
  "cv_r2_std": 98.6444722448268,
  "train_r2": 0.9916236453914057,
  "train_mape": 1.9397002204395042,
  "test_r2": -0.2001700426974622,
  "test_mape": 18.88861421150566,
  "test_mae": 68.19611871907188,
  "test_rmse": 144.09234372422628
}