{
  "degree": 4,
  "cv_r2_mean": -147.60592326966292,
  "cv_r2_std": 254.24235933314657,
  "train_r2": 0.996952237277336,
  "train_mape": 1.0030878386046105,
  "test_r2": -1.0942991492896472,
  "test_mape": 21.95799394014043,
  "test_mae": 77.26131544092223,
  "test_rmse": 190.34386013305377
}