{
  "degree": 2,
  "cv_r2_mean": -54.96876459011993,
  "cv_r2_std": 110.35776302784505,
  "train_r2": 0.9483852030350751,
  "train_mape": 5.55304289693129,
  "test_r2": 0.7433698803629487,
  "test_mape": 12.233411445149724,
  "test_mae": 41.85148382963439,
  "test_rmse": 66.63053916217645
}