{
  "scaler": "identity",
  "kernel": "rbf",
  "C": 115.0,
  "epsilon": 1.38,
  "gamma": 0.12,
  "cv_r2": 0.4857453183971779,
  "cv_std": 0.09322463523956166,
  "train_r2": 0.8688567666861621,
  "train_mape": 17.809782902539876,
  "train_mae": 1.710575258032341,
  "train_rmse": 2.5446281926034704,
  "test_r2": 0.6152201166840283,
  "test_mape": 39.13059468508646,
  "test_mae": 2.940448945827054,
  "test_rmse": 4.08577681875347,
  "n_train": 369,
  "n_test": 159,
  "n_features": 21
}