{
  "scaler": "identity",
  "kernel": "rbf",
  "C": 425.0,
  "epsilon": 20.1,
  "gamma": 0.07,
  "cv_r2": 0.8524674204039442,
  "cv_std": 0.03532613483381955,
  "train_r2": 0.9424221541218024,
  "train_mape": 6.142368574807086,
  "train_mae": 22.70568217348287,
  "train_rmse": 30.880615332640772,
  "test_r2": 0.874463834353323,
  "test_mape": 9.908119655677446,
  "test_mae": 33.0585294626603,
  "test_rmse": 46.60193438544781,
  "n_train": 366,
  "n_test": 158,
  "n_features": 21
}