y_test,y_pred,APE_percent
470,377.72940627333196,19.63204121844001
310,252.1396622790558,18.66462507127232
220,253.67525658732944,15.306934812422474
185,253.81104478930436,37.19515934556992
230,279.15371976855045,21.371182508065413
250,253.67525658732944,1.4701026349317772
235,228.29571749939646,2.8528861704695916
255,279.15371976855045,9.472046968058997
220,239.77909037153145,8.990495623423387
185,221.52649896919743,19.74405349686348
215,230.59905706264445,7.255375377974162
