{
  "degree": 3,
  "cv_r2_mean": -8.784720119239344,
  "cv_r2_std": 8.858699176883354,
  "train_r2": 0.8396706941693425,
  "train_mape": 11.398285912832065,
  "test_r2": 0.5818334090614129,
  "test_mape": 18.004118685936668,
  "test_mae": 57.66166503677082,
  "test_rmse": 84.53573136559214
}