{
  "degree": 2,
  "cv_r2_mean": 0.36244797718131444,
  "cv_r2_std": 0.42280203085512424,
  "train_r2": 0.7887391018081903,
  "train_mape": 13.753261903976902,
  "test_r2": 0.7066429579008715,
  "test_mape": 15.959886911199458,
  "test_mae": 50.17767557646726,
  "test_rmse": 70.80499675171927
}