{
  "degree": 4,
  "cv_r2_mean": -84.7757690699148,
  "cv_r2_std": 164.34138885175003,
  "train_r2": 0.8534808805594903,
  "train_mape": 10.609466592879663,
  "test_r2": -2.854547456518618,
  "test_mape": 22.64565665836816,
  "test_mae": 78.65152658221204,
  "test_rmse": 256.656546777149
}