feature,importance
Mn,0.8384542136769619
Cr,0.12070321637988327
Al,0.04084256994315479
Si,0.0
Cu,0.0
Mg,0.0
Zn,0.0
Ti,0.0
Ni,0.0
Ag,0.0
