{
  "model": "DecisionTreeRegressor",
  "best_params": {
    "max_depth": null,
    "max_features": "sqrt",
    "min_samples_leaf": 4,
    "min_samples_split": 10
  },
  "cv_best_r2": 0.1284381271025853,
  "train_r2": 0.6186871590214225,
  "train_mape": 16.025885183466375,
  "train_mae": 38.420289855072454,
  "train_rmse": 48.487697030123265,
  "test_r2": 0.1968880797848812,
  "test_mape": 20.293945400138377,
  "test_mae": 53.22474747474747,
  "test_rmse": 68.39319511916595,
  "n_train": 23,
  "n_test": 11,
  "random_state": 42
}