y_test,y_pred,APE_percent
470,366.0,22.127659574468083
310,238.75,22.983870967741936
220,268.0,21.818181818181817
185,202.77777777777777,9.609609609609606
230,366.0,59.130434782608695
250,268.0,7.199999999999999
235,202.77777777777777,13.711583924349885
255,366.0,43.529411764705884
220,202.77777777777777,7.828282828282831
185,202.77777777777777,9.609609609609606
215,202.77777777777777,5.684754521963828
