{
  "model": "Lasso",
  "cv_r2_mean": -0.010600545578317489,
  "cv_r2_std": 0.0053804966680647505,
  "train_r2": 0.006430600066695269,
  "train_mape": 54.346724590346675,
  "test_r2": 0.004301458018844739,
  "test_mape": 60.6464908979239,
  "test_mae": 4.304138381054909,
  "test_rmse": 5.549520790154951
}