{
  "model": "LIN",
  "cv_r2_mean": 0.020880464697674416,
  "cv_r2_std": 0.08172750978042134,
  "train_r2": 0.09273086592519186,
  "train_mape": 47.85061774620718,
  "test_r2": 0.08084538358666304,
  "test_mape": 54.81323661496808,
  "test_mae": 4.020964373094781,
  "test_rmse": 5.331947118859749
}