{
  "model": "Ridge",
  "cv_r2_mean": 0.026479220280476022,
  "cv_r2_std": 0.07498514471439847,
  "train_r2": 0.09036696557175417,
  "train_mape": 48.11273260220473,
  "test_r2": 0.08088543218669297,
  "test_mape": 55.155007152495116,
  "test_mae": 4.034658786837133,
  "test_rmse": 5.33183095812912
}